Color Values,,,
11835075,"=MOD(A2,Ê$D$2)",,32
-1543137392,,,
-883582049,,,
-2143328223,,,
650495935,,,
1846561837,,,
457753519,,,
1092659214,,,
-158876247,,,
2052931860,,,
1601101082,,,
-1913818582,,,
-96179723,,,
391351545,,,
13997886,,,
191975046,,,
-888788923,,,
1423646374,,,
224333402,,,
149414557,,,
182327588,,,
-1333717162,,,
240460641,,,
881760842,,,
1999702044,,,
-1955958238,,,
-765654150,,,
-664739976,,,
-267276623,,,
-1282293698,,,
384650029,,,
1103599177,,,
1324947934,,,
-750261403,,,
1336827429,,,
-1907050683,,,
-1532780955,,,
1849657706,,,
-1974844332,,,
-195101048,,,
-1448908067,,,
-1699682024,,,
2003908679,,,
1251202838,,,
-297296663,,,
1205545538,,,
1464492194,,,
-377923654,,,
-1540998949,,,
79507895,,,
-400804513,,,
5731688,,,
1768765523,,,
-2107690589,,,
-96600204,,,
1567915021,,,
1880657115,,,
-613295764,,,
-1233701668,,,
-284332728,,,
-268406771,,,
-995372496,,,
-90224548,,,
-760938074,,,
1426943456,,,
-1375126803,,,
913382111,,,
-1449696155,,,
-295114782,,,
1154489344,,,
105533152,,,
211719022,,,
-1530904071,,,
1175157826,,,
-138351115,,,
-1285549084,,,
-1541735730,,,
-1185783833,,,
-1765506955,,,
-396383392,,,
991899951,,,
972030948,,,
-55609491,,,
-1389858376,,,
1339956379,,,
1575625283,,,
106672454,,,
-1166835658,,,
-6234995,,,
1824995987,,,
-1938750597,,,
-548445199,,,
79004424,,,
302963375,,,
2026076279,,,
858421901,,,
376127749,,,
1279692859,,,
387184644,,,
-1993146205,,,
540486050,,,
1254956733,,,
-1436652464,,,
-820341477,,,
-250518755,,,
-951012862,,,
-1698553362,,,
-1665219129,,,
105511077,,,
-1048754574,,,
-1235087420,,,
-537204373,,,
332015436,,,
-1767507063,,,
1758337198,,,
1890295640,,,
-616604993,,,
1586577432,,,
1338199398,,,
-853256808,,,
-1621033496,,,
1244213322,,,
791162373,,,
1741207237,,,
-604124382,,,
759171711,,,
-1300734118,,,
652647054,,,
1200253084,,,
-1691920402,,,
-829015641,,,
1670251007,,,
534605092,,,
-373377755,,,
-1494953339,,,
-1139651442,,,
-585955982,,,
1995694250,,,
1147898086,,,
1764827847,,,
-1920911315,,,
1798650516,,,
-77827365,,,
-2094490635,,,
-424505980,,,
971449471,,,
-857758936,,,
-483893225,,,
-966901713,,,
-157314703,,,
957152517,,,
-126813837,,,
295938957,,,
1411538619,,,
348755995,,,
1747269640,,,
-1184000504,,,
1505120152,,,
1803753884,,,
-870598838,,,
-1038256775,,,
1975779643,,,
-513942295,,,
-1585811675,,,
-1679898203,,,
-641263156,,,
809918734,,,
371323794,,,
-350720120,,,
1040403158,,,
-1769166374,,,
-503350232,,,
1202209336,,,
-622274610,,,
-1655366055,,,
-765393828,,,
-816839364,,,
-1663442159,,,
-955712714,,,
-1936383104,,,
117341109,,,
1209830586,,,
731318323,,,
-1168247881,,,
-892671204,,,
2103862920,,,
671409417,,,
558381195,,,
467888322,,,
-2000818634,,,
-1459659987,,,
1697238906,,,
-822627482,,,
529970243,,,
-29005732,,,
-1708486420,,,
1774197792,,,
378414879,,,
-2064249561,,,
278465588,,,
-661601053,,,
1995315792,,,
1299572746,,,
-1281353055,,,
-2046014865,,,
1312604038,,,
-1715187182,,,
933743676,,,
2008859757,,,
-963229556,,,
-221007825,,,
1013794798,,,
-1501247359,,,
-1673599607,,,
-792097777,,,
-1630472522,,,
-1485660923,,,
-1421126808,,,
1434889308,,,
1679766649,,,
-1203386392,,,
735366125,,,
972766704,,,
1621281046,,,
766311253,,,
1395692900,,,
1146555622,,,
-724784674,,,
967331994,,,
117531545,,,
17394309,,,
-639564360,,,
-749034280,,,
937884823,,,
161001438,,,
-1663537542,,,
-215348756,,,
146187973,,,
1604239112,,,
-1607528897,,,
1811459826,,,
1860419827,,,
763732351,,,
-654837995,,,
-1483875923,,,
1655619051,,,
-68996069,,,
1885577854,,,
480470235,,,
1400684549,,,
-985410192,,,
806185252,,,
-1093785456,,,
1768994245,,,
617561818,,,
1673955331,,,
1501571589,,,
94648278,,,
-1365586033,,,
-435239961,,,
40458312,,,
-1089883159,,,
1186898539,,,
-2125398633,,,
1228420507,,,
-1858097372,,,
249287063,,,
462456380,,,
-2041088285,,,
-699688318,,,
-310127838,,,
1482373761,,,
-1245972197,,,
-557577815,,,
357806711,,,
-823335496,,,
-285237553,,,
-942014876,,,
189143772,,,
-585105339,,,
-2055318011,,,
1187725764,,,
1299456453,,,
-1000452564,,,
-1685264290,,,
1034583530,,,
150354923,,,
1895469637,,,
-846597279,,,
-1790008052,,,
-67319632,,,
188918862,,,
-2031902342,,,
-1212249266,,,
-2064717131,,,
1802503491,,,
-1234876820,,,
227529411,,,
786768247,,,
2066309208,,,
877441386,,,
1754029670,,,
70184074,,,
-1483268450,,,
1880036192,,,
997813305,,,
-1609058685,,,
-1991983056,,,
-1799421040,,,
-805284974,,,
-912358235,,,
-1330693933,,,
1107134615,,,
1139791474,,,
1823221896,,,
321537055,,,
1379828440,,,
-124361299,,,
-662765159,,,
-1838504122,,,
-1887462841,,,
-1237576393,,,
1128569337,,,
-683104414,,,
-1131857288,,,
-1934648289,,,
-570131272,,,
-1344291121,,,
-2123696352,,,
404814926,,,
-1878341729,,,
774576859,,,
4333267,,,
-237517701,,,
-361689630,,,
1470257846,,,
1103837557,,,
-802860617,,,
1886130009,,,
1575613851,,,
1693957893,,,
148174649,,,
-1078998449,,,
26459431,,,
176726790,,,
68187893,,,
1231378718,,,
-1173811579,,,
293485974,,,
-1294226118,,,
-438840331,,,
-874192788,,,
620879854,,,
1505196637,,,
642342047,,,
1691356776,,,
-1251694356,,,
-1666636574,,,
-1558417992,,,
1013386900,,,
-1792018352,,,
-1533546166,,,
1883726371,,,
571737695,,,
363026321,,,
1288173395,,,
2091033010,,,
131313709,,,
1337534239,,,
-275918657,,,
728057481,,,
856035960,,,
513184641,,,
-1076996010,,,
-1085766671,,,
-250474248,,,
1960199957,,,
657272161,,,
-1197990245,,,
-707881642,,,
-2113135639,,,
-1550452350,,,
1167204236,,,
-1386348956,,,
894094033,,,
1215728821,,,
312284321,,,
1541294452,,,
2003602763,,,
1088769265,,,
-1903531249,,,
1312320091,,,
2109027609,,,
-1096376273,,,
-32756533,,,
1716692069,,,
1028937667,,,
-1132375152,,,
1367895452,,,
-810777429,,,
1762924085,,,
-1151823963,,,
-720853714,,,
-1876339260,,,
-984646478,,,
1475904841,,,
-792098032,,,
-889699713,,,
-42433125,,,
2058165908,,,
-597363537,,,
348905999,,,
-115077730,,,
818047500,,,
-1836558871,,,
676772012,,,
-828249411,,,
-1974769645,,,
-262741067,,,
1839192936,,,
1990556915,,,
-78033564,,,
434606590,,,
-288615256,,,
1571249613,,,
-1462970467,,,
-1300083219,,,
-220915031,,,
-1153082494,,,
-1272374984,,,
598225983,,,
-1818558973,,,
-1224092062,,,
-1384993513,,,
-912516240,,,
1687231236,,,
-761246595,,,
-1314288566,,,
-988644358,,,
-852193363,,,
-172711986,,,
-2052672565,,,
-1800077104,,,
-995221226,,,
1443646876,,,
-486226783,,,
727370974,,,
175914380,,,
-11864330,,,
1193174068,,,
-929973710,,,
-2061915416,,,
-1528007062,,,
-919251172,,,
965210375,,,
1176898239,,,
-275621290,,,
-2061130570,,,
-435003470,,,
86076498,,,
-98411334,,,
2017633987,,,
670229051,,,
185777854,,,
822979984,,,
-965225887,,,
598653658,,,
1145544426,,,
-906558084,,,
-2063895406,,,
1961154610,,,
-869485905,,,
2134926073,,,
455096479,,,
-241651907,,,
285739179,,,
1946681637,,,
-326844959,,,
1921485526,,,
979344236,,,
1846619243,,,
-1443936395,,,
-189171366,,,
-225392959,,,
1754463377,,,
-1396462633,,,
1843484229,,,
1484827659,,,
-876195232,,,
-2126666181,,,
-1116063359,,,
-209501371,,,
1442635814,,,
-298169009,,,
-2012981526,,,
1123761521,,,
-1416923464,,,
-578618785,,,
639570910,,,
-2038242619,,,
1884004890,,,
-1721403033,,,
713895826,,,
2066765447,,,
1223371604,,,
-528984885,,,
-898027355,,,
1560572857,,,
1485928795,,,
1973901457,,,
1016968398,,,
658380711,,,
889700053,,,
-810121450,,,
35795859,,,
771202406,,,
-150814547,,,
536647227,,,
765889500,,,
463656018,,,
-1444028800,,,
1306154397,,,
-339765793,,,
-1532347238,,,
-109044537,,,
-120182546,,,
-2073942711,,,
-1187821981,,,
-352569029,,,
-1423936219,,,
1397701056,,,
1099810154,,,
392580229,,,
-1478667085,,,
277831070,,,
-1308513219,,,
304101896,,,
753255621,,,
1989471849,,,
238501530,,,
-1656381302,,,
-2093762058,,,
-110016321,,,
-93415955,,,
-679604738,,,
8342323,,,
7701329,,,
-1013649700,,,
-664024464,,,
-863710217,,,
-1710444409,,,
888022481,,,
1027664207,,,
1477241624,,,
-598730489,,,
-885005815,,,
-1439782203,,,
119644655,,,
861650349,,,
1428532181,,,
-1296076703,,,
1135012474,,,
-1219239743,,,
1686334596,,,
1795359070,,,
141612640,,,
-608864257,,,
-1666696495,,,
-458372281,,,
317123286,,,
-1208497936,,,
1233196871,,,
1073504664,,,
-1629465276,,,
-1658742147,,,
-1790715399,,,
1920071212,,,
-1965669328,,,
-284540927,,,
-1299120000,,,
566320713,,,
246101857,,,
318268142,,,
-1727860998,,,
1461992786,,,
-1092976282,,,
-1776268272,,,
-1390964527,,,
1565124210,,,
-1085384618,,,
1571042755,,,
-1604292147,,,
1444566430,,,
-881655954,,,
-1292086174,,,
-1400493075,,,
-1185590532,,,
244705065,,,
-1699251853,,,
-683851944,,,
-1199073023,,,
1670663917,,,
1473405381,,,
1819402317,,,
-1499127485,,,
972954491,,,
-1411824319,,,
499911078,,,
-2031459255,,,
770356995,,,
729922165,,,
-1180105036,,,
-1757329455,,,
1832999553,,,
426947544,,,
-1103159181,,,
-1662410405,,,
1964243947,,,
-897582229,,,
1598239143,,,
445068502,,,
-879839808,,,
-793556196,,,
1199184293,,,
-1664446126,,,
-377075499,,,
792146077,,,
2091819074,,,
-2027574322,,,
-1768066530,,,
-1455241621,,,
362096925,,,
-390491765,,,
1558534588,,,
1579102910,,,
-1068256632,,,
-283818879,,,
-1926922972,,,
967926842,,,
-1481182846,,,
-1127856434,,,
815370958,,,
749828517,,,
-504813208,,,
1854418261,,,
40509779,,,
500619628,,,
-1357511475,,,
-1641846601,,,
-705824669,,,
-179972984,,,
-1448233353,,,
-1737283452,,,
-2011818248,,,
351357042,,,
249155562,,,
1205407589,,,
1495706344,,,
324426216,,,
1973432945,,,
-994037370,,,
408682193,,,
154827292,,,
-1779792786,,,
-2088728906,,,
-1482102378,,,
-1066205127,,,
1676539528,,,
-1753862883,,,
486398393,,,
-705168821,,,
583375231,,,
-1030813864,,,
-1981417379,,,
697282361,,,
1711569797,,,
1290856845,,,
-957974096,,,
1798477739,,,
1227946354,,,
-687390481,,,
791752296,,,
-252023051,,,
-927462524,,,
-729152571,,,
-877839122,,,
-1071643840,,,
1540281903,,,
1554444956,,,
345519060,,,
317427329,,,
1944332121,,,
-382583076,,,
276544054,,,
-267707158,,,
-229564936,,,
-994327542,,,
1988477289,,,
1710321752,,,
1608350333,,,
487493721,,,
806720989,,,
-437928985,,,
557850360,,,
1578689283,,,
545393998,,,
-1778744716,,,
744714183,,,
-1877327536,,,
1861640507,,,
1350531373,,,
-893348145,,,
793289073,,,
-1577662653,,,
-827758934,,,
1268758450,,,
-552382410,,,
-807989098,,,
-291152377,,,
-1256407269,,,
-438043052,,,
-958025169,,,
787894178,,,
-1814605793,,,
-1630989943,,,
-989251479,,,
-1416238285,,,
1534809502,,,
284642890,,,
634965015,,,
-1163512280,,,
883768358,,,
2060549048,,,
876269163,,,
-1856415630,,,
-49561906,,,
1105857659,,,
-1044955542,,,
688951409,,,
-431648755,,,
1735729236,,,
608065108,,,
1399028737,,,
-929088650,,,
913128923,,,
1873474266,,,
472527885,,,
-1878022622,,,
-1447228638,,,
151218928,,,
15410925,,,
203413509,,,
-1657182508,,,
842679201,,,
331030195,,,
177548511,,,
-706590935,,,
-427033777,,,
-142863182,,,
487973046,,,
-1592112422,,,
1495284180,,,
2145464883,,,
1531647148,,,
1373593396,,,
570214916,,,
791913707,,,
739521457,,,
1422541225,,,
-908195791,,,
1690561502,,,
643708580,,,
1287301276,,,
-1067566673,,,
-9894540,,,
-185743970,,,
23958991,,,
-1359752962,,,
-923197040,,,
-148913140,,,
1760885527,,,
-1289188115,,,
1154657924,,,
-2037344089,,,
788274904,,,
-1449148667,,,
25272959,,,
1605265173,,,
1746854493,,,
795002552,,,
-1612913012,,,
447666540,,,
-1462185357,,,
1837214611,,,
2128235543,,,
434413264,,,
1263911957,,,
-1260273361,,,
-442616511,,,
791815821,,,
226872054,,,
992252679,,,
440136181,,,
270809246,,,
1143159393,,,
-1757642678,,,
-1806269199,,,
-1240906115,,,
432725664,,,
-2044966835,,,
-1377913922,,,
171859012,,,
2111509619,,,
299153581,,,
-1347534228,,,
1857161807,,,
-1689776416,,,
-1656307546,,,
-63182294,,,
-404690190,,,
1068238716,,,
-1586446693,,,
-1832831198,,,
1797241787,,,
-1819290797,,,
1551896524,,,
1431159746,,,
866612300,,,
-752565573,,,
137926607,,,
-1842626033,,,
589114612,,,
1889421929,,,
1765266329,,,
1233631638,,,
1844992278,,,
1701252877,,,
1724918444,,,
-1901656214,,,
1481568375,,,
369501083,,,
-1018643584,,,
282627109,,,
1680115542,,,
247909864,,,
-852043187,,,
-1290322173,,,
1716993640,,,
159411165,,,
-1930439666,,,
1729235021,,,
-1004503789,,,
1213783518,,,
-171397100,,,
-1851483455,,,
-1241670394,,,
278780557,,,
923298655,,,
594792907,,,
1717173496,,,
1845316205,,,
-484980579,,,
412722601,,,
-1502299582,,,
528836539,,,
-1995423108,,,
377598630,,,
-987169251,,,
1434729296,,,
2100404063,,,
-644621467,,,
1087507685,,,
1784706432,,,
95174435,,,
-741359687,,,
182211156,,,
-1785436134,,,
-537734384,,,
1690306287,,,
1776469968,,,
736175022,,,
984166470,,,
-1679436717,,,
-1550873105,,,
535775761,,,
-1063692895,,,
-78764000,,,
1534999604,,,
-1495485576,,,
2026664030,,,
-26473122,,,
-246266976,,,
1940702349,,,
-1092264799,,,
-1656072844,,,
1956430904,,,
-996768907,,,
980649547,,,
742100455,,,
2140839087,,,
-1165634509,,,
1740505996,,,
79570224,,,
1959848085,,,
1982033879,,,
-1415210089,,,
290679217,,,
592348284,,,
102198606,,,
-1706285587,,,
-680250335,,,
957176967,,,
-1561137089,,,
-628988278,,,
-551408395,,,
1456955288,,,
-2092224535,,,
742012822,,,
-85935239,,,
-428197090,,,
221981212,,,
1011470250,,,
1547389393,,,
1328010469,,,
1100916686,,,
776284992,,,
-675293264,,,
892475628,,,
120171094,,,
-1665536088,,,
-2032498563,,,
-884889912,,,
-2040108531,,,
-746142335,,,
-705340994,,,
-830219881,,,
-1798607294,,,
-506776534,,,
1950324834,,,
504502288,,,
-1756347243,,,
2012052418,,,
-131560804,,,
1930571700,,,
-724860225,,,
-1839832118,,,
-1672092927,,,
-816742022,,,
839282440,,,
-1528382155,,,
598726885,,,
1239482172,,,
-823028470,,,
1157057416,,,
51299360,,,
-911490395,,,
1799124715,,,
-643519902,,,
-562618342,,,
1121445742,,,
1870828809,,,
-522567283,,,
-1272917570,,,
-248464144,,,
1070695344,,,
145674071,,,
-628603543,,,
1329141433,,,
-1786402792,,,
-419082604,,,
1718824265,,,
-372259848,,,
-986077232,,,
1261678041,,,
143065059,,,
-1205413124,,,
1548726684,,,
-233079407,,,
674396913,,,
1149372939,,,
-1539093752,,,
-833975470,,,
-909855096,,,
-262869351,,,
-1887153401,,,
1223169872,,,
1415022856,,,
195153626,,,
-1943282087,,,
-1732220396,,,
196129104,,,
1379648609,,,
-1186328948,,,
-1639794603,,,
1158189054,,,
1594302481,,,
-1892039245,,,
2002363421,,,
-1016366221,,,
1419296099,,,
898984325,,,
1418284577,,,
1478858673,,,
1066181018,,,
-2032109286,,,
225533060,,,
-1914187167,,,
429549627,,,
1278654558,,,
1850474260,,,
227790199,,,
512716741,,,
-911903179,,,
-2110523645,,,
-1448645012,,,
-353112907,,,
1644627086,,,
-345366596,,,
1050730683,,,
2147261573,,,
-1756411573,,,
2114789901,,,
602259702,,,
-355670478,,,
-573510424,,,
1133900293,,,
1254995859,,,
-357818470,,,
1129473588,,,
-1010917603,,,
-1357866696,,,
-1526496577,,,
1267455739,,,
-960771487,,,
1435101713,,,
-1921988806,,,
1225236997,,,
-301572046,,,
-654891908,,,
1629217999,,,
543698984,,,
-847523835,,,
-293118214,,,
-91859802,,,
-1992227347,,,
360721463,,,
-1202526047,,,
-2047551544,,,
1282723082,,,
185255836,,,
-416138834,,,
1446028859,,,
906494769,,,
493278590,,,
-1601063478,,,
1114574025,,,
1476712149,,,
-1581656494,,,
896943720,,,
-566797478,,,
-792558934,,,
313274880,,,
-689321305,,,
-1447115018,,,
2008135850,,,
1176172438,,,
256316098,,,
-1816976198,,,
-1269449699,,,
909486842,,,
1671114229,,,
1468958667,,,
-1323408025,,,
-734050487,,,
-812296682,,,
-56702400,,,
-366928832,,,
-970606700,,,
-906918500,,,
396172521,,,
-170184658,,,
-479294829,,,
-2145399044,,,
165552357,,,
-559389231,,,
-1024888769,,,
-1222844915,,,
-2044244071,,,
429747421,,,
1711809772,,,
-1379392624,,,
1817282577,,,
-966977589,,,
-329211496,,,
358716243,,,
-1048148006,,,
-1325928670,,,
-653917917,,,
-1988915079,,,
-1740685050,,,
-984655052,,,
-1457937740,,,
1059110758,,,
1983979892,,,
-44387996,,,
225662255,,,
-356059120,,,
753421091,,,
464288117,,,
-686638560,,,
-1520453251,,,
-251989206,,,
-1919751537,,,
366562701,,,
-1539599874,,,
1807714672,,,
614554827,,,
-256835319,,,
1752708625,,,
707863358,,,
-635649037,,,
1803842169,,,
-1253046758,,,
-906750510,,,
-80416526,,,
576351396,,,
-251997384,,,
-2026031702,,,
1717788883,,,
943061318,,,
-1796984277,,,
1714512859,,,
1843026025,,,
759167246,,,
-966069934,,,
1057241801,,,
-1457868927,,,
377865385,,,
147931112,,,
254896518,,,
1192400604,,,
1855392670,,,
-663234699,,,
-1406328902,,,
-130280697,,,
545190536,,,
965149109,,,
-2077071163,,,
1731294675,,,
-625337679,,,
504979752,,,
1211789007,,,
-620900440,,,
1260250278,,,
-1523857097,,,
359029151,,,
-1179570954,,,
-45355480,,,
-976661123,,,
-314511264,,,
1305872110,,,
-1311301508,,,
286673931,,,
-2104926485,,,
273714080,,,
1571282136,,,
-359770391,,,
-2101221502,,,
1990686285,,,
615078812,,,
-841619904,,,
-751196914,,,
40812578,,,
1426097908,,,
-127183799,,,
-1984311243,,,
766040352,,,
836556579,,,
-1985322890,,,
662109897,,,
635175333,,,
-406102101,,,
1804830511,,,
-1276343310,,,
111668822,,,
-1032394690,,,
1612873932,,,
1076572922,,,
1534833575,,,
165649586,,,
521097360,,,
-1333687992,,,
-587108463,,,
-1514351607,,,
222714430,,,
1315909258,,,
832355993,,,
-1104022453,,,
1332531167,,,
-1259631548,,,
-1052400489,,,
1619423894,,,
530334250,,,
1598878313,,,
209379534,,,
-378120842,,,
2066960451,,,
1464699213,,,
92187475,,,
-587713496,,,
1432520469,,,
-367470964,,,
634692068,,,
-1631749699,,,
-270307645,,,
-163616249,,,
-1346680801,,,
-506196880,,,
-749413673,,,
905560150,,,
-799075860,,,
-2095361685,,,
358456265,,,
-1616900897,,,
2118231034,,,
1742680337,,,
1336038103,,,
1162238952,,,
1874925101,,,
-112545113,,,
-302215720,,,
1545061914,,,
1705565096,,,
-1567534818,,,
1245952915,,,
432664524,,,
-1154444519,,,
1193114279,,,
-1253946531,,,
-622519694,,,
-1047747795,,,
-463040432,,,
1053879927,,,
1143054577,,,
97743070,,,
-1962269931,,,
-1516354622,,,
-689280244,,,
683846980,,,
637404942,,,
-1496678231,,,
158605929,,,
1776972054,,,
-687451557,,,
-1247555239,,,
1585143426,,,
1914497707,,,
-469612498,,,
394003427,,,
38136100,,,
-354493293,,,
-29237802,,,
-67370958,,,
-813958377,,,
-1184100149,,,
-1272449740,,,
-2031163667,,,
-2139368702,,,
-2029748375,,,
-1221830667,,,
-1858692439,,,
-1309216989,,,
-1563202678,,,
1376019125,,,
-2141968265,,,
-40573273,,,
-383095930,,,
118333427,,,
1266284222,,,
1171032858,,,
-1352016455,,,
-1087395326,,,
1904267869,,,
1161500711,,,
840635479,,,
-161853156,,,
-891798684,,,
-1851688562,,,
78828018,,,
1377545512,,,
444870619,,,
-1370144982,,,
-1329910687,,,
1055197438,,,
-770415654,,,
1919816306,,,
-1208405887,,,
2114482618,,,
-688854644,,,
2104128607,,,
1961604704,,,
-679892515,,,
1135554770,,,
930334354,,,
40356591,,,
2080365841,,,
-747356598,,,
2029645867,,,
1498186744,,,
-16449401,,,
849655487,,,
1759025796,,,
1069574878,,,
202477981,,,
-1931739217,,,
1214843492,,,
-1758292248,,,
-558534647,,,
-1409104237,,,
-1345275081,,,
88540696,,,
-301464178,,,
1226590596,,,
1488434761,,,
-143289511,,,
382473295,,,
-742234230,,,
1875972481,,,
777003750,,,
673256257,,,
-1592744354,,,
1787360026,,,
1694425363,,,
-161646591,,,
1766443313,,,
960435916,,,
694188604,,,
679804726,,,
158530515,,,
-1462167595,,,
-912736031,,,
2063154577,,,
-711278318,,,
1654032841,,,
1327783079,,,
-1162122057,,,
-1641176250,,,
-768392773,,,
1054281997,,,
-1087948547,,,
2100648368,,,
1377406998,,,
2101669344,,,
1447830751,,,
1189715526,,,
-131521482,,,
738702051,,,
1016976348,,,
1578978903,,,
1642103905,,,
1960436523,,,
2015771306,,,
-863399719,,,
-444912842,,,
-902329016,,,
1869121595,,,
-594967617,,,
1409681398,,,
-492660263,,,
-1830958931,,,
1359221573,,,
-591006993,,,
452912454,,,
-528120803,,,
1476952578,,,
903429492,,,
-2066669995,,,
954745751,,,
-931656654,,,
-1916730173,,,
-8312280,,,
-370569286,,,
1558510412,,,
-980507519,,,
-391153259,,,
1398221162,,,
684738367,,,
-1646910784,,,
-900889055,,,
-1482180624,,,
1778418095,,,
-963253007,,,
1792217967,,,
-2057224088,,,
-1211414074,,,
978707405,,,
-738596234,,,
-814722432,,,
134434940,,,
683796864,,,
633146237,,,
-742559331,,,
-1028958208,,,
-1404798899,,,
-1196308374,,,
674302931,,,
518529988,,,
945149782,,,
-1609071243,,,
776316869,,,
-2086130337,,,
-1202120121,,,
-1211476660,,,
-164356471,,,
-629372159,,,
1272454566,,,
-1715666067,,,
-1211407172,,,
1816440012,,,
-2113772685,,,
1558289564,,,
-1761874486,,,
-1494388931,,,
-770538564,,,
-1393256940,,,
-361624306,,,
-1799480069,,,
-1164400546,,,
-400977319,,,
817911976,,,
1455590851,,,
-429400790,,,
-1147213879,,,
1979846873,,,
-2112790014,,,
444376604,,,
-1674195392,,,
-1262975397,,,
-1944315574,,,
1981236476,,,
-2005015044,,,
-862986753,,,
184908389,,,
-281879785,,,
1319595957,,,
-864214019,,,
-2002954757,,,
-184131425,,,
-123737091,,,
21044366,,,
-1139150982,,,
-1620346582,,,
1335375466,,,
-1059493008,,,
1016627456,,,
-1438635654,,,
521594978,,,
1415863066,,,
1509067046,,,
1847348172,,,
312914608,,,
1301872860,,,
1671609672,,,
-483580260,,,
1538208068,,,
205028790,,,
877508668,,,
1533222362,,,
75964317,,,
-1316543531,,,
1000690647,,,
-89226536,,,
1817263425,,,
-519915500,,,
-1938665659,,,
223315487,,,
1408118876,,,
-209025582,,,
-643874484,,,
-1468371917,,,
-1871359287,,,
-492700310,,,
883837526,,,
503966571,,,
1962562519,,,
1733942962,,,
-676868957,,,
1509076090,,,
1897152133,,,
-2005596576,,,
352781952,,,
1696427720,,,
2124389705,,,
-50225285,,,
1673809471,,,
-1099254448,,,
-1561587710,,,
-1959806420,,,
54413056,,,
1554526265,,,
-663304454,,,
1430693414,,,
-620447642,,,
1718918454,,,
-1951771497,,,
-899527158,,,
1812640576,,,
-1103821886,,,
-1052068103,,,
1739894753,,,
1277914076,,,
-2023230618,,,
1155603287,,,
1039907415,,,
-1875084444,,,
550471352,,,
-1469196074,,,
-1914583868,,,
1987126267,,,
-1164378393,,,
226264748,,,
-264263917,,,
554119800,,,
-1514030668,,,
-1413676217,,,
1937772324,,,
-646720205,,,
-1197650302,,,
-1156163066,,,
162244638,,,
1836327947,,,
-1885856657,,,
1496285749,,,
-1544740595,,,
-1491535530,,,
988628295,,,
574639315,,,
1309722865,,,
1899628179,,,
1648865396,,,
-853607765,,,
-1171089903,,,
-2049894509,,,
-937618789,,,
-563348608,,,
-604451481,,,
-833166687,,,
1029405782,,,
-1186571354,,,
-2021265890,,,
-1406520189,,,
-438996079,,,
1257941166,,,
-1941575030,,,
1947678732,,,
-1137184687,,,
1904400682,,,
-350997021,,,
-691736839,,,
-1418384900,,,
402411251,,,
2037341514,,,
-646871066,,,
1862311360,,,
-33614585,,,
432532791,,,
-1244351167,,,
484170428,,,
1266100913,,,
298643282,,,
1969275422,,,
1500656355,,,
1054219258,,,
-751054700,,,
-1482267596,,,
661249230,,,
46935137,,,
841341639,,,
2113621217,,,
-1450351272,,,
-1084106973,,,
568049037,,,
639969530,,,
1899231912,,,
1576547220,,,
1225929682,,,
145192255,,,
1788554597,,,
-196198476,,,
-589869770,,,
-1983032987,,,
775887514,,,
-884770526,,,
95350916,,,
1600358061,,,
1694573189,,,
-1332131771,,,
1977369556,,,
1937061765,,,
-1089377763,,,
131859302,,,
240987574,,,
-1458474512,,,
-816786748,,,
1771139508,,,
799241927,,,
-493497461,,,
-530208371,,,
1658502460,,,
-1529584436,,,
1806508797,,,
739138690,,,
1645835186,,,
-1636428826,,,
109701187,,,
218541655,,,
291725948,,,
-1368512932,,,
448105721,,,
1796949423,,,
-1363533919,,,
-1715157435,,,
-449168146,,,
-29559995,,,
967230650,,,
-822503786,,,
-2134136829,,,
-883588241,,,
-1858237041,,,
303012976,,,
1447794324,,,
771645638,,,
478529024,,,
1762948841,,,
-1151346070,,,
-1347508178,,,
-2127412124,,,
473516778,,,
1993019189,,,
-1306335723,,,
-1206351241,,,
1547538010,,,
1064841890,,,
1669873168,,,
1046727570,,,
498753572,,,
-547614803,,,
39637117,,,
-2073182122,,,
-825353326,,,
-724949443,,,
421449151,,,
-764931352,,,
1325970076,,,
-19355782,,,
-356730455,,,
1433979495,,,
259203653,,,
-1369589134,,,
-225650822,,,
-1293124906,,,
-225747307,,,
-1204553865,,,
-1346361936,,,
2114891059,,,
1142023604,,,
-370654413,,,
654637201,,,
-1703377885,,,
-1400582281,,,
1002766267,,,
-942605560,,,
851732674,,,
-367934655,,,
379252611,,,
-793406633,,,
-1791083655,,,
1763331212,,,
923484750,,,
-1897711946,,,
-760393920,,,
2098639595,,,
-655669054,,,
1912921240,,,
212149619,,,
-1640211714,,,
1175561505,,,
-1475581986,,,
2041662985,,,
-1529200337,,,
-1282486929,,,
1389080443,,,
177205033,,,
-1274155217,,,
-942069008,,,
-2058826072,,,
-1870405627,,,
-1537133139,,,
-626784771,,,
-1907127764,,,
1994336530,,,
821484675,,,
-245398891,,,
891060201,,,
-1883555181,,,
998488147,,,
153100580,,,
1650803732,,,
-83351946,,,
1663384559,,,
1284519493,,,
-1380118079,,,
912284215,,,
-1186444882,,,
-1559670112,,,
-1649724747,,,
2062228522,,,
540342202,,,
81779160,,,
-820526874,,,
-486680119,,,
-1855674478,,,
-307413447,,,
-1782270597,,,
-398849498,,,
1403849562,,,
305366068,,,
250827301,,,
-1488311906,,,
108538964,,,
-381926837,,,
115837558,,,
-835729124,,,
-1568178995,,,
69508666,,,
-1988090415,,,
-207131091,,,
751025242,,,
302197332,,,
-552996369,,,
-1926370798,,,
1722839380,,,
1941325054,,,
-382205162,,,
1863476558,,,
-507326150,,,
2099007283,,,
-305274267,,,
1984530954,,,
1518163785,,,
1365872774,,,
73551930,,,
-1304155794,,,
933912875,,,
-874573155,,,
336564585,,,
498861652,,,
55698871,,,
1665899637,,,
-395769313,,,
-1180610837,,,
-1722735757,,,
809747998,,,
-1313746961,,,
-835466898,,,
1310780628,,,
1975586883,,,
2067024212,,,
-489236577,,,
1355449649,,,
-10753609,,,
444081442,,,
-1794380869,,,
1940364501,,,
-1001349462,,,
1995343974,,,
-1213998808,,,
1744432940,,,
1032082972,,,
-615189023,,,
-1312103796,,,
-623568588,,,
1792301294,,,
-723940442,,,
243640954,,,
1544635874,,,
-416128034,,,
-159594676,,,
-1445700833,,,
-1309431475,,,
1670415558,,,
1985188342,,,
789007715,,,
-2030433189,,,
-1867384409,,,
277328596,,,
756487454,,,
-1792169408,,,
802809906,,,
1825572637,,,
-1292585766,,,
-1889421231,,,
-593895260,,,
1178502831,,,
741038538,,,
1739039311,,,
-141815447,,,
-1608201687,,,
-895731689,,,
-1235526762,,,
-1724789230,,,
457686690,,,
-1431646023,,,
56297632,,,
-546067539,,,
1003208643,,,
-2088034919,,,
-1940185098,,,
555572210,,,
-603438282,,,
-481223301,,,
-2040150673,,,
-1143008794,,,
-1899530288,,,
-164453569,,,
1772855260,,,
-1018344980,,,
-267860561,,,
-147530263,,,
-21879949,,,
173237503,,,
1786588762,,,
-1492150319,,,
581623455,,,
50608629,,,
-822299931,,,
1343773785,,,
-1717029574,,,
-1793997870,,,
-1328765298,,,
-1853112941,,,
1221881588,,,
-2044529848,,,
-679495619,,,
-179983609,,,
1280822949,,,
-450318049,,,
1055953000,,,
1729651658,,,
1705497742,,,
430780154,,,
1250529410,,,
-778398099,,,
2058517917,,,
-1237512684,,,
-1450183156,,,
-1545078552,,,
-388293874,,,
1948289725,,,
778329067,,,
-200452572,,,
-1435440482,,,
1443555861,,,
1247522945,,,
-806865342,,,
220779080,,,
1320714372,,,
-1825427142,,,
-1193147163,,,
-1439472762,,,
-1351787162,,,
-751265824,,,
2087734468,,,
-987916505,,,
167509352,,,
204424188,,,
-672566992,,,
-1043254444,,,
-600925738,,,
1698921898,,,
-1061445176,,,
1896299569,,,
336495435,,,
-641278775,,,
96803495,,,
-1473611308,,,
-739049985,,,
-302741574,,,
-1785268274,,,
1398493697,,,
-2002263950,,,
-6123604,,,
-1450185319,,,
-290512866,,,
246723309,,,
-658271940,,,
1020619576,,,
-1276432611,,,
2013813642,,,
1360936357,,,
-1741451834,,,
2141425550,,,
-897679056,,,
-1716653189,,,
2091547214,,,
-1852463907,,,
-1506415137,,,
607216766,,,
-1455246978,,,
2101210362,,,
115869821,,,
-1687856079,,,
990337761,,,
-1746937456,,,
202742632,,,
1768128952,,,
1903345577,,,
655442054,,,
1074294380,,,
-1739390969,,,
227268880,,,
-1067629672,,,
-1247293277,,,
-431003483,,,
1007598112,,,
215423559,,,
765746501,,,
1721596491,,,
2143347777,,,
-1908596906,,,
-944572835,,,
-185184041,,,
-1388822437,,,
860024747,,,
1269942251,,,
-1862413858,,,
1474678411,,,
-1810969131,,,
1777413597,,,
1120229390,,,
-1301247777,,,
1750534020,,,
-1885270430,,,
-1034826692,,,
-181987373,,,
1649617477,,,
85676700,,,
1953369938,,,
539241299,,,
775743226,,,
458481985,,,
-408821022,,,
318227026,,,
1155071744,,,
-1528567213,,,
497839647,,,
1190926214,,,
970222844,,,
-323883932,,,
1335991412,,,
-795697840,,,
-945912008,,,
1508657288,,,
-960809077,,,
-1778004802,,,
-1356086191,,,
1626898972,,,
-2067643910,,,
945631008,,,
-1069307817,,,
-1805325251,,,
-1144059482,,,
90207884,,,
2078130114,,,
359778409,,,
-188598767,,,
-1988965550,,,
-1502900048,,,
1097642962,,,
-547375740,,,
-920156887,,,
1669441619,,,
-1943976846,,,
-243224679,,,
-1655428814,,,
26844829,,,
-1701017927,,,
-281893977,,,
-1916402861,,,
-1442595867,,,
-1768664089,,,
118773692,,,
1741826596,,,
90707418,,,
407263715,,,
1261294247,,,
-1929586320,,,
1760421236,,,
1862402936,,,
-394355439,,,
70246005,,,
66148256,,,
-503238777,,,
-1348189224,,,
-855655180,,,
480747736,,,
1042576519,,,
-392387029,,,
523859652,,,
98612458,,,
1857900345,,,
-406699086,,,
1296502826,,,
70702677,,,
-1086832953,,,
-497810146,,,
1254712744,,,
-320171773,,,
-1925852364,,,
618252871,,,
-836061941,,,
640481905,,,
728744834,,,
-940463138,,,
-159581683,,,
1064681487,,,
-888526096,,,
-1252757510,,,
-1668276124,,,
-1726246566,,,
496651144,,,
-1527235184,,,
360649067,,,
-1183132997,,,
1420585680,,,
1703963313,,,
-1797652973,,,
-1503278585,,,
-660806507,,,
-668185183,,,
1658382849,,,
1364021531,,,
68175621,,,
625477877,,,
-148199287,,,
325434477,,,
2131270810,,,
-753246471,,,
2111414333,,,
-856743266,,,
32288062,,,
10111129,,,
1340854059,,,
-578842933,,,
343370231,,,
928212535,,,
-1337187299,,,
-1408710732,,,
627536882,,,
994777044,,,
-2121456284,,,
-1087929908,,,
1338910905,,,
-2034067809,,,
-1470068929,,,
1201414821,,,
-656774324,,,
-1314976551,,,
751826010,,,
-444869659,,,
-453209040,,,
1711103217,,,
1911642804,,,
-774401484,,,
-87546178,,,
373921424,,,
2058373130,,,
-1468190822,,,
670699661,,,
-1756273330,,,
-864511276,,,
801845472,,,
-635106947,,,
-2081734501,,,
-870713314,,,
1578773969,,,
-733397712,,,
-348791401,,,
663552314,,,
-2114606169,,,
-437521537,,,
1618858971,,,
1873702354,,,
-1411025940,,,
-1468339027,,,
991463682,,,
-245942140,,,
1862370962,,,
632290645,,,
-257042936,,,
193752692,,,
-1114072747,,,
-697150643,,,
-1734931541,,,
-1605826010,,,
-17125988,,,
-336268722,,,
523162648,,,
586959148,,,
296541340,,,
734608111,,,
1934259738,,,
188881849,,,
-418996378,,,
56278702,,,
-740751466,,,
-2144174074,,,
-627174622,,,
699347707,,,
776463310,,,
-109420696,,,
2065635302,,,
-1756114119,,,
-1293522635,,,
512763890,,,
-693697740,,,
-847918396,,,
-827183850,,,
542001322,,,
-1886095804,,,
1299103609,,,
-1482675976,,,
463810502,,,
-519456561,,,
-2123266415,,,
262369041,,,
-652336882,,,
-1705676962,,,
2142282250,,,
1337489640,,,
-681646496,,,
-1680660486,,,
582207645,,,
1918617354,,,
1994779859,,,
-1118212069,,,
1526949948,,,
1072774703,,,
329199544,,,
1131226107,,,
-2100747025,,,
-2010795084,,,
861744491,,,
-1614315314,,,
-1114504495,,,
127434319,,,
-1529782506,,,
257505707,,,
-730710552,,,
-1668484940,,,
960836281,,,
-432659111,,,
1848384013,,,
1354915428,,,
1019842341,,,
-459014576,,,
-288642883,,,
268458192,,,
-746610693,,,
549246795,,,
-859475807,,,
-1994364610,,,
246575578,,,
955848989,,,
-1983296930,,,
-906406607,,,
-162478773,,,
-273414479,,,
236320074,,,
1039158231,,,
-1874984060,,,
731818806,,,
-1722800106,,,
1623203976,,,
-153874652,,,
-2047060324,,,
473351130,,,
329911228,,,
767118719,,,
-1762339854,,,
-1922101820,,,
1457831200,,,
-981665389,,,
-122268048,,,
1052182451,,,
1839884211,,,
-1457200198,,,
-1918972365,,,
1233489061,,,
-1580178819,,,
-1902904608,,,
-1380754744,,,
-682532048,,,
1162446561,,,
412165417,,,
625111810,,,
380483038,,,
951569643,,,
-8556937,,,
-276776340,,,
2003999491,,,
570335845,,,
2044350594,,,
-925415623,,,
2079202222,,,
1945461299,,,
-1756361683,,,
-953492266,,,
2104241152,,,
-2138539751,,,
1397405304,,,
-2042781116,,,
422649784,,,
-137089808,,,
-1775008465,,,
1371721705,,,
417268185,,,
-1181013891,,,
-1839112830,,,
1276257430,,,
1791746140,,,
-1239091981,,,
-1233155074,,,
-445674543,,,
1402753027,,,
-1077687425,,,
-227647006,,,
1714861389,,,
1953029925,,,
-1592932784,,,
-1503784191,,,
1122894268,,,
-55872385,,,
176208036,,,
1895714581,,,
513294892,,,
-387618158,,,
-258265554,,,
-2037519190,,,
733450017,,,
586785384,,,
-496465496,,,
-2089518038,,,
87517736,,,
1200546339,,,
589100418,,,
2036096758,,,
719061929,,,
2061123294,,,
814434367,,,
-352686781,,,
1709302627,,,
-1279203068,,,
814293157,,,
1072202730,,,
1466559841,,,
-1476935302,,,
868927013,,,
-732681643,,,
280816896,,,
-1744298732,,,
382238035,,,
-1336251775,,,
-1459352555,,,
-565948297,,,
810177882,,,
678784694,,,
-584027972,,,
1310199551,,,
2100387191,,,
109396371,,,
-1635266323,,,
-429030811,,,
945303522,,,
1043490581,,,
-1698644786,,,
-1172133131,,,
969118673,,,
-156859638,,,
-626844585,,,
-779004628,,,
1253848668,,,
-932583927,,,
-231804290,,,
1060262582,,,
2032371173,,,
-971953514,,,
-70339785,,,
-1581341112,,,
-133093514,,,
1544994549,,,
1116253171,,,
-2134430036,,,
1886303622,,,
59238320,,,
418056940,,,
889587123,,,
503780273,,,
2088552899,,,
-620526731,,,
824897060,,,
1004536837,,,
-1277070339,,,
-1827164449,,,
1881908026,,,
1625113062,,,
-522488270,,,
-1332928410,,,
240380317,,,
679574071,,,
161259540,,,
1073219276,,,
-241514442,,,
-938638613,,,
-606186124,,,
1975322209,,,
1421704394,,,
1006006226,,,
2087328392,,,
1754491136,,,
2144403078,,,
1615907279,,,
-777744114,,,
210180281,,,
705381893,,,
-323289283,,,
-1263202913,,,
-2067748014,,,
-1390194584,,,
-283380117,,,
530867476,,,
651721679,,,
-484992040,,,
1310560108,,,
747720406,,,
71980172,,,
-1465364740,,,
-1712547688,,,
1791860423,,,
1040113174,,,
-471766976,,,
-1823658756,,,
-1627276586,,,
9140602,,,
2016475390,,,
-1159633071,,,
-82315269,,,
373063894,,,
361222299,,,
1068457822,,,
1017528266,,,
2063015959,,,
-1360720314,,,
1130039506,,,
-963583558,,,
1880959557,,,
-1586872776,,,
611114918,,,
-1787611968,,,
-653193718,,,
208120736,,,
-1119954903,,,
535460386,,,
-615758053,,,
-602356176,,,
-383988082,,,
1026392101,,,
-909657853,,,
-974701453,,,
102093528,,,
2005426859,,,
340902701,,,
1676088305,,,
-1303491821,,,
359746476,,,
-389453281,,,
1802274475,,,
1671324571,,,
-1340253462,,,
-127300734,,,
1406664220,,,
1536820239,,,
496486577,,,
620358185,,,
-816861258,,,
-1436260515,,,
1609065317,,,
1494350495,,,
1972450986,,,
1899679236,,,
-38701483,,,
-704951360,,,
-2027390692,,,
-2119711540,,,
1359834437,,,
1427456825,,,
-1380735215,,,
-1967661049,,,
-1798295830,,,
-87077848,,,
279944381,,,
-41090816,,,
-1387395053,,,
262914119,,,
-1711146336,,,
-1969232651,,,
360627450,,,
-712978976,,,
-975203395,,,
1907060730,,,
1283433021,,,
567616599,,,
-1428454081,,,
-5385077,,,
1674083301,,,
-200099483,,,
-504351692,,,
-507988891,,,
-467944463,,,
527998119,,,
1543799244,,,
-2099119654,,,
1183851814,,,
140470647,,,
1597584605,,,
-1198242865,,,
1026161237,,,
791577317,,,
942179389,,,
-388535948,,,
-1023601987,,,
-97741662,,,
1435773395,,,
1212960449,,,
-1454478178,,,
338769857,,,
-1824317965,,,
-2020640913,,,
1272892958,,,
-933387548,,,
-1118881073,,,
807600387,,,
-485056775,,,
-1525501608,,,
518364543,,,
-1461540691,,,
749965661,,,
299683895,,,
-19572194,,,
1041067075,,,
-1638178379,,,
-1844366023,,,
-1499736289,,,
-1534489050,,,
-97930709,,,
1885544902,,,
-1972691692,,,
-1076894954,,,
-221130830,,,
1157019968,,,
-1184170939,,,
-1091484849,,,
-520071848,,,
-1184168079,,,
-259648543,,,
277754288,,,
-1217206568,,,
-1627412840,,,
-42486172,,,
1524491072,,,
-1341848525,,,
-1675435876,,,
43650314,,,
1377445929,,,
888286964,,,
1304363242,,,
92659741,,,
1075186056,,,
-976908683,,,
-44802749,,,
806306006,,,
-1360525736,,,
-438413254,,,
-1277694049,,,
-1609889232,,,
854244048,,,
-825396266,,,
612832056,,,
932579721,,,
-1455877342,,,
-2134078552,,,
-620166158,,,
-1567561218,,,
1787013198,,,
-1281194911,,,
-529229031,,,
705392018,,,
1848566255,,,
479537082,,,
2117360234,,,
1693448724,,,
-1330010029,,,
-1241434283,,,
-237811339,,,
-1515230860,,,
83051946,,,
-1408498073,,,
-1495833171,,,
-103406452,,,
1588837353,,,
-1490173367,,,
-371396676,,,
-2004601745,,,
1535911258,,,
-977308506,,,
-1929015732,,,
-365859794,,,
2075755487,,,
-1202746086,,,
1148693856,,,
478326822,,,
-2015610843,,,
-590899060,,,
-1072277870,,,
1469854979,,,
-1864097015,,,
762720435,,,
-1968487517,,,
-1702581000,,,
-969618601,,,
1646426181,,,
-1185835759,,,
-839051337,,,
-991476939,,,
1466543502,,,
-1942538349,,,
-1555847636,,,
-330210120,,,
-1366687969,,,
-330810689,,,
-1246471645,,,
1442165678,,,
1852879584,,,
-1240481981,,,
1442420519,,,
-1763402635,,,
811503796,,,
167656722,,,
-2143836031,,,
-1628961855,,,
-2066016246,,,
1022474236,,,
1093642584,,,
-1283833678,,,
2087292537,,,
1609014167,,,
-1841916834,,,
-264653090,,,
1468500293,,,
66530019,,,
1715437198,,,
764393875,,,
-1276458902,,,
-2028272557,,,
-240586093,,,
553573389,,,
-1270388931,,,
486752276,,,
-1448177492,,,
-807173227,,,
-2028685261,,,
-1393070595,,,
-1329559340,,,
-1896452044,,,
156338906,,,
1445345148,,,
268967141,,,
-865073261,,,
781855648,,,
-1698407947,,,
1452193851,,,
227735501,,,
-1804258788,,,
966346014,,,
-552739189,,,
-155835471,,,
-290815859,,,
1900089707,,,
-1856565704,,,
89027109,,,
-1041073650,,,
307314423,,,
1069876411,,,
-961271676,,,
1268864020,,,
2135278109,,,
-146644349,,,
1705716681,,,
1034957147,,,
-937813098,,,
-379135900,,,
1878143997,,,
-784761541,,,
-1203072349,,,
-1984732303,,,
1207808819,,,
1023499085,,,
-1034480703,,,
-379647352,,,
645504728,,,
1642140344,,,
-827822095,,,
327437056,,,
1488231992,,,
-2126325151,,,
896378380,,,
1699572391,,,
-975557376,,,
-944853128,,,
-46377077,,,
-685160305,,,
-916384169,,,
1230050545,,,
1805056543,,,
-866796848,,,
-265627999,,,
-267273281,,,
-765276136,,,
1963573844,,,
2081433870,,,
2105198183,,,
-776844673,,,
-310216723,,,
-1591267789,,,
-527861000,,,
-2138279054,,,
657491713,,,
-1480006652,,,
1748042390,,,
-1088013688,,,
1530008303,,,
69620060,,,
-342951357,,,
-1790580530,,,
722653045,,,
1247206273,,,
1179837325,,,
-2106056754,,,
348412398,,,
-429948550,,,
1808220909,,,
860739089,,,
-243020724,,,
-464401133,,,
-2116403183,,,
-479756789,,,
2070085466,,,
454170217,,,
-566840453,,,
-279998798,,,
184537363,,,
1573363867,,,
-1038630677,,,
-592694669,,,
-1303093085,,,
-551677511,,,
552981225,,,
-2091741911,,,
-215982686,,,
-1030760160,,,
-1826990095,,,
1231859670,,,
480346788,,,
1125042363,,,
1944446143,,,
-870451495,,,
-1708840682,,,
1691492179,,,
-1960423659,,,
1605390664,,,
-1097384723,,,
-890779145,,,
-1948893159,,,
-1945358525,,,
-492274792,,,
-674475417,,,
1959098810,,,
1642347802,,,
-2120083583,,,
1401836741,,,
-872473165,,,
-53604806,,,
-1332145067,,,
1647267367,,,
-1061922171,,,
1333144582,,,
-1271436191,,,
1221579802,,,
1369821502,,,
741007896,,,
1768683717,,,
-72841323,,,
-1120425407,,,
1257704537,,,
-396006475,,,
-1985121521,,,
-2019569185,,,
840834046,,,
1252788366,,,
254747206,,,
2013182993,,,
410744482,,,
-2133458236,,,
1172036147,,,
1278198279,,,
-1734961435,,,
579035384,,,
-684298869,,,
1241838019,,,
-546129543,,,
-1501593470,,,
-1724807885,,,
712497067,,,
-1656555224,,,
-754630521,,,
24970272,,,
-1318221181,,,
1061157728,,,
-1336645752,,,
682949257,,,
1376325859,,,
1416363954,,,
1712365157,,,
2003077403,,,
-114973446,,,
374200600,,,
123651123,,,
343546865,,,
1555203007,,,
1113235436,,,
-1430789574,,,
1424287399,,,
-1164702832,,,
-1806848341,,,
413012213,,,
330440910,,,
1889176266,,,
-1197806969,,,
-120949083,,,
-1278161538,,,
1848305190,,,
-1785085793,,,
222003966,,,
990553571,,,
-1162924749,,,
733873918,,,
-1289641459,,,
92662009,,,
1976410230,,,
1134250991,,,
1004963966,,,
-922410718,,,
658643096,,,
-817372798,,,
1592543618,,,
1991799824,,,
-1074256416,,,
668681879,,,
-831532528,,,
1403565344,,,
193997811,,,
1953622238,,,
-1998905353,,,
-449125955,,,
615841963,,,
-1142653616,,,
-670371803,,,
-730608075,,,
-1636652593,,,
1945509596,,,
1363444540,,,
1731570889,,,
106678811,,,
-1964954064,,,
1058247002,,,
1225471232,,,
-86302180,,,
-1876838397,,,
870660342,,,
-274890655,,,
-461307220,,,
-1768537091,,,
1995083295,,,
-1902229449,,,
2022048254,,,
-741948991,,,
-1456464667,,,
-1105613141,,,
1297241114,,,
235045229,,,
-197188485,,,
-593565594,,,
-1948265465,,,
-1454451595,,,
1605441731,,,
209029990,,,
182055544,,,
641238653,,,
-911449631,,,
804368931,,,
-496102762,,,
1905179675,,,
-1303168359,,,
1651658792,,,
1407380149,,,
1123121297,,,
1822438061,,,
1808754656,,,
1306195721,,,
-2059536800,,,
-621299904,,,
-1529073797,,,
36456190,,,
-816819026,,,
-721712342,,,
-1618372729,,,
-2076037736,,,
-990263842,,,
110380585,,,
1462363685,,,
-1166002966,,,
794591870,,,
-1041668391,,,
-2111097529,,,
1694406951,,,
-1135868325,,,
-580496549,,,
1460084297,,,
-199448679,,,
524986391,,,
-992287669,,,
1065899900,,,
1968546158,,,
-1872908193,,,
427085949,,,
1613857146,,,
1367377972,,,
1078497923,,,
1982581837,,,
46184418,,,
-560031852,,,
-1789365649,,,
-710330335,,,
1186205711,,,
-1725789343,,,
-645224727,,,
-194524626,,,
-33854488,,,
-2119240390,,,
-825504674,,,
-1938827231,,,
300521333,,,
-342708503,,,
346830149,,,
1897054504,,,
507296208,,,
-1488476346,,,
-763333616,,,
1429512293,,,
-1035507434,,,
-57576856,,,
1292775258,,,
-1038650361,,,
774943709,,,
1216230268,,,
-1448242757,,,
-1783543743,,,
874542609,,,
-1382264094,,,
-622438274,,,
-1833756581,,,
-1020237185,,,
925834450,,,
-631549934,,,
-695064132,,,
-1921307148,,,
-1473540137,,,
-1579857974,,,
-1386643878,,,
-643740983,,,
-2075218104,,,
1233981871,,,
-346880800,,,
2082871832,,,
1513126575,,,
1202426256,,,
2143222398,,,
-2114596357,,,
1489629373,,,
-1400122291,,,
-1044230728,,,
1941273499,,,
-1413302052,,,
-1664264689,,,
-1559375623,,,
1884593000,,,
-611348102,,,
2061878206,,,
718019770,,,
-1322540523,,,
140707474,,,
251399962,,,
1315245332,,,
-701512938,,,
1890291265,,,
-1250509167,,,
-1125694645,,,
-1878211992,,,
1322684827,,,
4081832,,,
2016460631,,,
2036720298,,,
1838086391,,,
-503179986,,,
-895089471,,,
1621873988,,,
-2060916510,,,
443566918,,,
-1170540605,,,
-685738430,,,
337361369,,,
96165887,,,
-334946939,,,
-1435026747,,,
-5760483,,,
1820152836,,,
-1511607794,,,
460635513,,,
1407538619,,,
-537469791,,,
-1772971919,,,
1395017088,,,
1790486448,,,
-1326824323,,,
-2047334099,,,
1157698860,,,
883992269,,,
937448290,,,
-1696979862,,,
1364664473,,,
-1499314352,,,
-1499618223,,,
-318946297,,,
-292138979,,,
-1406178139,,,
-1696623549,,,
-416881012,,,
1272010877,,,
-608449808,,,
-889152643,,,
-1175287365,,,
2059138183,,,
1935193151,,,
-381930168,,,
1837532092,,,
-2062240385,,,
-1356689664,,,
-838659824,,,
2027225616,,,
-1507353864,,,
-609686228,,,
-830682468,,,
964725727,,,
-554803858,,,
-1621735958,,,
-1822465443,,,
1054678106,,,
539169776,,,
-822395525,,,
-447851951,,,
-1291316862,,,
-1414111854,,,
1492550238,,,
-1287013472,,,
-652162773,,,
-1717177639,,,
-257458842,,,
301731348,,,
1246978211,,,
289925116,,,
-637479432,,,
486671436,,,
-175240134,,,
1201989615,,,
2071950780,,,
991836381,,,
-769664461,,,
495840902,,,
1537140995,,,
-1217706890,,,
304738406,,,
-690502465,,,
-1036706676,,,
-861736537,,,
1123409342,,,
604960337,,,
181797001,,,
1988400043,,,
196634556,,,
1410401083,,,
218972549,,,
1140215206,,,
992956116,,,
2082855195,,,
-305212632,,,
1079414909,,,
-147946260,,,
-509087173,,,
-783561442,,,
2013844695,,,
379267855,,,
1832136434,,,
-2028410114,,,
63899507,,,
1560511256,,,
-338283021,,,
1949832140,,,
-549444064,,,
1760273117,,,
-671566363,,,
1895648922,,,
-1604003644,,,
1420318774,,,
-1114222647,,,
-715991117,,,
-1008008577,,,
462101353,,,
1928972522,,,
-82556070,,,
700079649,,,
-549551051,,,
-1971912977,,,
-827460837,,,
-19947928,,,
-279202289,,,
-1279652753,,,
-744394788,,,
-1289857209,,,
332934274,,,
1676248168,,,
-310673135,,,
-236993473,,,
-445281603,,,
2142548932,,,
-395872003,,,
-1059956000,,,
-1881792399,,,
-1048872171,,,
698356201,,,
261787624,,,
-1523761954,,,
1467097000,,,
2120765745,,,
2098454877,,,
-1594527256,,,
1353754504,,,
-13712170,,,
-85886248,,,
1196263031,,,
24894252,,,
-1385966418,,,
-156847850,,,
1627734432,,,
1465525298,,,
870208443,,,
638861831,,,
1049502007,,,
-63748665,,,
-1158363706,,,
-286630051,,,
-1011978841,,,
1636614139,,,
-142875706,,,
-2069854617,,,
376133934,,,
-2038182365,,,
1144464329,,,
-442508920,,,
-1505095085,,,
220025735,,,
918050792,,,
-130085182,,,
-1060378070,,,
-1556730404,,,
-1459299696,,,
-2074696174,,,
-821502988,,,
164663847,,,
587675617,,,
1843996745,,,
1337214198,,,
121673320,,,
308318906,,,
-38308284,,,
-1561481513,,,
1287820886,,,
-763980725,,,
-2115523237,,,
-1653901459,,,
-1405352321,,,
-1941281855,,,
-654006702,,,
-540607871,,,
-1114099435,,,
-1294163916,,,
-1209405938,,,
958294441,,,
1656617116,,,
-1571046377,,,
886262810,,,
2051142860,,,
22031314,,,
-791022800,,,
-999622209,,,
-666946812,,,
2095022993,,,
-1129041582,,,
-230903482,,,
-1482623658,,,
1260746200,,,
-629970186,,,
1133563288,,,
-192663011,,,
1602639152,,,
-1345828636,,,
-1249365921,,,
-42076017,,,
-1204917306,,,
2034523348,,,
443788333,,,
871791623,,,
714811952,,,
636644248,,,
-1685800186,,,
-220621685,,,
689141295,,,
-981938994,,,
-1755340561,,,
-775181270,,,
-2018377283,,,
346233359,,,
-102929829,,,
-246844942,,,
1641324278,,,
-8419832,,,
810496257,,,
-1585051297,,,
-601634316,,,
-94352271,,,
1774602644,,,
-346453887,,,
-1219120730,,,
264862906,,,
-164183529,,,
945942881,,,
1848155484,,,
1041333590,,,
2146239956,,,
239983013,,,
-1770411417,,,
-891900819,,,
-830317322,,,
1325948988,,,
-345786245,,,
123991595,,,
26923041,,,
-1812423486,,,
-869781544,,,
1876411028,,,
-1709940742,,,
2042448419,,,
781473411,,,
-591359652,,,
-1553155090,,,
-139830855,,,
264497314,,,
1269650308,,,
-1051432984,,,
-1661630096,,,
-2059533978,,,
791752116,,,
-376712921,,,
-1379267788,,,
799630423,,,
789652862,,,
292786061,,,
-109527141,,,
1163040151,,,
-1738054985,,,
1292280303,,,
1126694384,,,
77723251,,,
-2088809772,,,
1183512336,,,
-1015354247,,,
1468194565,,,
6304233,,,
1163415999,,,
-788567595,,,
1470140472,,,
1920535332,,,
359363061,,,
-393433290,,,
727426982,,,
-46980034,,,
228482589,,,
-451744658,,,
530195105,,,
2144895082,,,
-333418106,,,
-23259130,,,
-1147488990,,,
-1068629847,,,
317115100,,,
-868701059,,,
1964117494,,,
-774634950,,,
1312913732,,,
-1312113943,,,
2131094800,,,
-377836425,,,
-1993329531,,,
-1933114042,,,
-1422929664,,,
-630937535,,,
-1234745736,,,
1839011590,,,
731780614,,,
38490717,,,
1351859179,,,
1111550024,,,
1737743210,,,
-803193989,,,
-1749047569,,,
-1551199691,,,
-692330697,,,
106572245,,,
1888503839,,,
-1643539456,,,
-242692287,,,
342214718,,,
-186489555,,,
2042406216,,,
-692727664,,,
-755767319,,,
-1712342482,,,
-1449355625,,,
24938931,,,
-952655170,,,
-2065759278,,,
-1702483227,,,
1581296943,,,
930507288,,,
-1030544957,,,
1146127215,,,
1686877290,,,
36614420,,,
401907306,,,
409312425,,,
-412253535,,,
-1341743858,,,
-1137309877,,,
821945417,,,
-696320472,,,
641195968,,,
-1238167614,,,
470644728,,,
749655935,,,
-801637666,,,
164620623,,,
600307654,,,
44437035,,,
-135748277,,,
480580560,,,
-1143320331,,,
-769689306,,,
9001282,,,
1122631930,,,
-1217900409,,,
-1652049861,,,
1702264864,,,
1870161990,,,
-1631151401,,,
1052497253,,,
-54007028,,,
-1102946788,,,
-422340355,,,
-1576540523,,,
-1375973500,,,
-1445152729,,,
1010568866,,,
-1522922658,,,
1962127703,,,
-1707756129,,,
-154693401,,,
-1088623534,,,
1015698423,,,
1046224331,,,
-1575160840,,,
-2021664386,,,
1146237143,,,
-2088858887,,,
908307131,,,
1081380113,,,
602746495,,,
-752593177,,,
-376156990,,,
1121699835,,,
497055927,,,
-1723935983,,,
-1602891357,,,
-1044459906,,,
1211872779,,,
-1628495425,,,
-872282113,,,
-758762606,,,
-901299668,,,
99260119,,,
-946431399,,,
865324934,,,
-669351200,,,
-131662445,,,
-1324804546,,,
2026117346,,,
913263624,,,
-1828482338,,,
1070256426,,,
-2089478305,,,
-1356593843,,,
-1816677854,,,
-504112315,,,
1593331571,,,
190693463,,,
-1107273047,,,
2075121939,,,
691057271,,,
-911254286,,,
1642599384,,,
833344999,,,
-1913376756,,,
-1586048078,,,
739321800,,,
-960711878,,,
1171756078,,,
338942258,,,
538290185,,,
1676988479,,,
110645509,,,
482654612,,,
-1984441145,,,
-1652746074,,,
792443740,,,
-2136762119,,,
1199752398,,,
-720220658,,,
-479687719,,,
-800398874,,,
-977705345,,,
1045159861,,,
-1200184214,,,
-441081944,,,
-931910332,,,
-159995772,,,
476407647,,,
1088115,,,
-114258400,,,
-55119570,,,
1019868457,,,
-1699908266,,,
-436229680,,,
331254745,,,
693093588,,,
1565466818,,,
-249142839,,,
-1302207377,,,
-1379814104,,,
1069698613,,,
-1294642598,,,
392391751,,,
-349135518,,,
324853029,,,
1952064046,,,
-154241517,,,
-1322177342,,,
1478138087,,,
327621677,,,
-35705943,,,
-480040223,,,
-407635569,,,
255249368,,,
-687822574,,,
-1474977120,,,
201326581,,,
1613040436,,,
1763102929,,,
-175335944,,,
219550744,,,
2082583455,,,
1606311201,,,
-148002648,,,
-1382580127,,,
-1286608770,,,
1232273914,,,
1144535054,,,
1244620929,,,
1869916587,,,
-1117041383,,,
1848253208,,,
935206797,,,
-1353068504,,,
-2063862133,,,
969151164,,,
244503132,,,
-166165886,,,
70417921,,,
-698225276,,,
-899083545,,,
828826805,,,
2073441572,,,
1283489840,,,
330773809,,,
-986861525,,,
-1641611362,,,
1321818468,,,
1883997311,,,
-614939139,,,
-750024448,,,
-1269727177,,,
549957745,,,
-1586085894,,,
-738141582,,,
-675588505,,,
527024847,,,
-1979212088,,,
-693231473,,,
532944168,,,
162322808,,,
-1783619939,,,
-1785134082,,,
1112811684,,,
1161577344,,,
-1355621791,,,
-440306955,,,
1567937829,,,
-499367401,,,
1669431454,,,
-1975333689,,,
1906129593,,,
1945063629,,,
821830840,,,
-55438002,,,
-806917956,,,
-2107049262,,,
-1151314315,,,
275852534,,,
1077862687,,,
441344212,,,
-730896832,,,
1175056057,,,
-1564955808,,,
-748798721,,,
2002010178,,,
-784859581,,,
1731666298,,,
2030427597,,,
-550941410,,,
813230228,,,
-18637479,,,
1788580002,,,
-43738393,,,
-1700510326,,,
454116640,,,
-1382993585,,,
-1632245079,,,
2967156,,,
-710470408,,,
1150496167,,,
-1770024051,,,
1610669322,,,
-337697331,,,
-1342497125,,,
-438309047,,,
-630697961,,,
1470928747,,,
-1168614103,,,
1993208830,,,
-485365989,,,
1371095868,,,
-1473947454,,,
2118671625,,,
609512562,,,
1162784458,,,
-600627074,,,
1263542728,,,
-1012893924,,,
2130682273,,,
-182451832,,,
114219653,,,
525217944,,,
1884015607,,,
-932943651,,,
-1248757368,,,
-392090101,,,
1997643134,,,
-1469100366,,,
-2096571376,,,
-1396283868,,,
-596269782,,,
176983570,,,
-1322364840,,,
2043738877,,,
868889822,,,
-503121902,,,
-76773611,,,
-1374356525,,,
-2059963096,,,
-63841394,,,
-2003537384,,,
1744495278,,,
2019915335,,,
7750717,,,
-137758498,,,
2012321315,,,
1430686056,,,
-328902211,,,
2018271550,,,
1090897373,,,
-1605992926,,,
-266790244,,,
-1477218180,,,
-641578562,,,
-1780817333,,,
-1427261840,,,
-1894883723,,,
-991221568,,,
-1260943057,,,
1625145119,,,
-884537581,,,
338899865,,,
-347965783,,,
-2036301791,,,
2068632338,,,
-418140707,,,
146445789,,,
1749928933,,,
560490494,,,
-1975877814,,,
-331289703,,,
-259214373,,,
-497548085,,,
1608549929,,,
-1737651987,,,
-1294024790,,,
1358897835,,,
676623478,,,
1751426595,,,
235837861,,,
-942699522,,,
1759697487,,,
1667819431,,,
-2061584299,,,
1298505510,,,
-1041090649,,,
1361805584,,,
2055198921,,,
-886023249,,,
-1534817440,,,
1407659027,,,
-534079890,,,
597576647,,,
-1232114436,,,
-1086900711,,,
-1293878632,,,
-1356729680,,,
1390156851,,,
2027023167,,,
-85602503,,,
63291767,,,
1690338595,,,
1128228659,,,
-214255683,,,
1466767350,,,
2062811499,,,
884453111,,,
519822853,,,
-1172158522,,,
1135068468,,,
1716178985,,,
-1778864574,,,
1073918381,,,
-1578634919,,,
-2016378561,,,
-791496786,,,
-573764573,,,
-1100718755,,,
-1712756317,,,
1331288135,,,
-473461367,,,
-1408831849,,,
-1591968458,,,
-1122813380,,,
-500598692,,,
-1090482158,,,
481462983,,,
-1433070633,,,
-1910535420,,,
1034200854,,,
-1176184843,,,
-1112399601,,,
-600021489,,,
-1041301970,,,
-968274998,,,
1892907300,,,
229202299,,,
-1777191089,,,
2059723053,,,
-1437916218,,,
-1736160516,,,
-1005768204,,,
-1266068053,,,
1117812831,,,
-1110154118,,,
1392697098,,,
-1348852522,,,
1303466256,,,
-1217370194,,,
-1153198494,,,
1085463246,,,
-1259403580,,,
-329571024,,,
2053465097,,,
866112860,,,
-1058222182,,,
-850088346,,,
1588025726,,,
-1489529441,,,
-963426553,,,
2132912794,,,
215253438,,,
-1982807969,,,
1046011707,,,
630073670,,,
-1902304437,,,
-884869587,,,
-1953953411,,,
518803892,,,
-1654854821,,,
-680963387,,,
-2035394367,,,
695388892,,,
-856168914,,,
1489789381,,,
-1721001788,,,
524333185,,,
804003648,,,
484666513,,,
-212824275,,,
341382021,,,
-389840885,,,
234829023,,,
-503331140,,,
80856706,,,
1154950462,,,
-1036820148,,,
1086379768,,,
1118614169,,,
-1990351849,,,
858558254,,,
-663233408,,,
582670585,,,
-16101279,,,
759559241,,,
819835518,,,
-340883235,,,
989377434,,,
1072526017,,,
-306886152,,,
542047244,,,
1180387894,,,
1145303908,,,
1833755313,,,
-758086204,,,
-627425964,,,
-25493168,,,
1089410045,,,
1437597120,,,
1875898902,,,
-1079137225,,,
-69470934,,,
-249763783,,,
1149254878,,,
123802372,,,
1892443275,,,
-385597911,,,
-1448824427,,,
-2059333280,,,
116872125,,,
-2083305902,,,
-890849540,,,
-1413087480,,,
-424539967,,,
-381117415,,,
-1086324713,,,
1563934973,,,
820647398,,,
2104041810,,,
1590137224,,,
-1820296394,,,
2018618850,,,
2045582882,,,
-345803874,,,
1412069878,,,
1603237898,,,
151149575,,,
-1556113004,,,
-1252891139,,,
565694869,,,
1067244085,,,
-403677847,,,
-1898755928,,,
1650032018,,,
-1168168181,,,
702951855,,,
1108813467,,,
-76496568,,,
783135247,,,
-1142481409,,,
-50799139,,,
247177422,,,
-509951677,,,
817168490,,,
-1665936033,,,
1832198739,,,
1493165617,,,
992624043,,,
448808352,,,
299541139,,,
-686628063,,,
2128750131,,,
1586430624,,,
-1841383070,,,
919407877,,,
1904279717,,,
1884028818,,,
2053807320,,,
-1869302738,,,
328831720,,,
-1436836524,,,
857909124,,,
1441213636,,,
-1476132062,,,
-558148881,,,
1278863115,,,
766033848,,,
-1587852921,,,
1970828078,,,
-1822433769,,,
1831240087,,,
-1572446147,,,
-1422096689,,,
-1374041321,,,
-14228037,,,
-1244438939,,,
-327401158,,,
-1978536719,,,
-770953161,,,
1141404060,,,
-673765204,,,
-971964255,,,
-1444315002,,,
162029880,,,
1357647259,,,
-789264921,,,
-1688278854,,,
1347021325,,,
-857181804,,,
-97378290,,,
908403329,,,
501889630,,,
261755450,,,
-567785725,,,
-1054779031,,,
36979474,,,
1977853646,,,
-1956218809,,,
1427843440,,,
-429960066,,,
-1198892068,,,
2044800201,,,
-568594650,,,
1178992750,,,
657290315,,,
-236879815,,,
1233047466,,,
1897430983,,,
-702183680,,,
-192174431,,,
1821411552,,,
-1998841428,,,
-1973664685,,,
1030991210,,,
1593507801,,,
-1051036990,,,
-986955516,,,
-1721249428,,,
-1170023895,,,
-983572811,,,
661475091,,,
585085439,,,
1179768133,,,
-1858529621,,,
-2140693146,,,
1475937801,,,
285597899,,,
-1664821874,,,
60060117,,,
813395755,,,
1226056438,,,
-1786492059,,,
1575785907,,,
-2001990813,,,
1716665947,,,
849506157,,,
1129198337,,,
-1888979694,,,
185262304,,,
-1956815806,,,
-202728351,,,
1467685519,,,
-1523784995,,,
-1966181245,,,
-2098003577,,,
-1268636464,,,
534924453,,,
747645091,,,
44139422,,,
-1333878940,,,
1422861035,,,
1759087780,,,
833515033,,,
-25541443,,,
-626678479,,,
1261093057,,,
1185604526,,,
1049559160,,,
1603645128,,,
-721490533,,,
-1795641462,,,
-1091079887,,,
-1941682356,,,
-1318838816,,,
653997654,,,
2089862822,,,
2001673691,,,
1384782795,,,
-2097149870,,,
-2002280595,,,
1676445581,,,
464902228,,,
-801572080,,,
774723211,,,
-1907221940,,,
2142984231,,,
-1572196392,,,
1012406066,,,
1258106547,,,
-1955446196,,,
-1306577090,,,
-330448083,,,
1941908390,,,
476770823,,,
1327905090,,,
1333004171,,,
847532407,,,
-1438002451,,,
-1209506356,,,
-662789056,,,
-1041612766,,,
1312145601,,,
-549903168,,,
1175958811,,,
1938502214,,,
-537982409,,,
1530525107,,,
-2025502884,,,
1827183612,,,
1351678919,,,
-362625356,,,
-510729029,,,
-1917652004,,,
1809138547,,,
-1506757158,,,
-44728160,,,
-2138868873,,,
262798115,,,
-1555544688,,,
938023610,,,
1024303536,,,
209018771,,,
-569237297,,,
-1914459290,,,
-1897179686,,,
-1781889601,,,
1323015258,,,
-376385335,,,
710189467,,,
-1263255209,,,
459216293,,,
-449537949,,,
849090420,,,
-1096901005,,,
1640937345,,,
1622865238,,,
78493747,,,
-1681543809,,,
-788864196,,,
-1292148276,,,
-302915856,,,
1062355944,,,
-1809008219,,,
-1505197840,,,
1839034393,,,
746024537,,,
241390954,,,
944221145,,,
-1526330951,,,
300653047,,,
288489442,,,
-1799831239,,,
-677750004,,,
-2075925677,,,
951848385,,,
-1201096051,,,
133401532,,,
808175347,,,
-282831291,,,
-1219172092,,,
-2142297299,,,
-1792756208,,,
-1490941034,,,
865464336,,,
663636333,,,
-317813487,,,
2010425700,,,
-1848423365,,,
542109486,,,
1215005378,,,
-192723847,,,
-614980193,,,
-1950760383,,,
-194986772,,,
-1833044233,,,
1646943872,,,
-1226802909,,,
-1717357717,,,
-1859737445,,,
2087195495,,,
-1886235058,,,
-2143200512,,,
733041107,,,
1382092884,,,
-395018135,,,
693139922,,,
1453360589,,,
-1942540150,,,
-189509328,,,
949835207,,,
1424347189,,,
194951958,,,
-369154705,,,
-23385212,,,
811152366,,,
517726761,,,
-1298933116,,,
1596373085,,,
558366897,,,
-2079949778,,,
465495619,,,
-759883519,,,
-1725950811,,,
-1976319451,,,
1690313645,,,
1884979103,,,
429900270,,,
-279114081,,,
-1709107183,,,
-114907643,,,
-1321498205,,,
1212956361,,,
877380344,,,
250894899,,,
2062611209,,,
784306794,,,
-1872780501,,,
-2007522587,,,
-264211959,,,
647144133,,,
-219498238,,,
1748969046,,,
-311992,,,
133083405,,,
1447697177,,,
-847381076,,,
-2145446045,,,
-517326895,,,
-1873783525,,,
1645301643,,,
-1232517256,,,
1082956525,,,
594830384,,,
1022605066,,,
2079451095,,,
-1466101912,,,
1566324134,,,
746277298,,,
787277373,,,
480931317,,,
-241670784,,,
1501519459,,,
-227783541,,,
741648408,,,
-1910244665,,,
905437398,,,
1139822332,,,
216560184,,,
991953188,,,
-2032742208,,,
1991581817,,,
-1700133892,,,
-770506664,,,
308237960,,,
-676762152,,,
-2052667604,,,
1430630165,,,
-1660156980,,,
1859050356,,,
47009725,,,
2000516934,,,
-68520406,,,
-1237314819,,,
-1416907157,,,
49946204,,,
1327196949,,,
437212452,,,
803878619,,,
-474246067,,,
-820011024,,,
105807035,,,
-414766290,,,
1543811416,,,
-202288336,,,
-1974285194,,,
-1994984876,,,
-370084967,,,
988896787,,,
73315451,,,
2130934167,,,
-70305512,,,
1887444894,,,
-2106988107,,,
115263727,,,
1722549825,,,
-903597267,,,
-725125122,,,
2112179529,,,
-1509093872,,,
-1694636470,,,
-1553851186,,,
-102445232,,,
1958565828,,,
-1231351195,,,
728570341,,,
-1856874876,,,
-1501038509,,,
-1606400235,,,
-1141836611,,,
-2050431922,,,
2135302665,,,
-1131631569,,,
1327441102,,,
-2128027669,,,
772948604,,,
-1462630610,,,
1454607816,,,
107307406,,,
527708271,,,
1351605150,,,
841370972,,,
1669878590,,,
-37510574,,,
-173618043,,,
-1050584135,,,
1322959480,,,
-1744396309,,,
1731338492,,,
-1328699754,,,
-1742705545,,,
-88058157,,,
1533498217,,,
-1486573906,,,
-13667317,,,
-742801923,,,
572632832,,,
-1365953515,,,
2016221189,,,
132419005,,,
-386799800,,,
-884326185,,,
-143762883,,,
-613076931,,,
-1829693743,,,
794274148,,,
-1259364501,,,
-976958491,,,
-164168544,,,
841025144,,,
-1156334672,,,
328149088,,,
1467738588,,,
-2094559952,,,
1033918081,,,
117237442,,,
2028092431,,,
2017729810,,,
-1158183962,,,
-1984697301,,,
-824165990,,,
-1822750169,,,
-931511954,,,
254203157,,,
1740477567,,,
-1172923628,,,
181275457,,,
-762245074,,,
-809312121,,,
789372620,,,
362730491,,,
1002934518,,,
1129462747,,,
1365536061,,,
-1334092883,,,
-428457340,,,
1284699914,,,
1180939197,,,
1999809264,,,
2017631822,,,
860059848,,,
1545669614,,,
193425125,,,
-896480960,,,
1817049381,,,
628269484,,,
-1009782130,,,
2109601028,,,
455546243,,,
487446103,,,
-1917050931,,,
559938204,,,
537679805,,,
828302769,,,
330647716,,,
1397028147,,,
-1128244019,,,
-1570344388,,,
-117917655,,,
-1797101762,,,
2048045157,,,
-676517976,,,
-269299846,,,
134968887,,,
1729936870,,,
855161102,,,
-572132985,,,
232637495,,,
-80674137,,,
-54919211,,,
-2083956315,,,
-1531977564,,,
283144916,,,
2005209545,,,
-1699393448,,,
-1723147178,,,
-1266096182,,,
1307227834,,,
-340966188,,,
301370093,,,
747506657,,,
-1244575168,,,
-1167146471,,,
-853025272,,,
-1197617429,,,
-1154510545,,,
-775496407,,,
281558669,,,
-1882002583,,,
2033253782,,,
1065555224,,,
1164506476,,,
971927806,,,
-605296815,,,
1344020352,,,
-1050062729,,,
1217897640,,,
1187724414,,,
-897888220,,,
1852663027,,,
626008542,,,
-281048077,,,
-564245009,,,
133482994,,,
1916318154,,,
-490700883,,,
-1673906639,,,
623221197,,,
1932941754,,,
-633990284,,,
87190709,,,
1394903844,,,
-1935687584,,,
96053999,,,
-1554729476,,,
-1039122795,,,
1694476876,,,
-97797031,,,
1298997069,,,
-1646448082,,,
84466239,,,
-1557946140,,,
586370489,,,
1141251924,,,
1272764288,,,
-1638831899,,,
1518377657,,,
-2032743044,,,
-366295572,,,
-2064041471,,,
484827138,,,
-938950717,,,
-1759701786,,,
-1847926440,,,
1543085023,,,
-2125318138,,,
1677732157,,,
-926463014,,,
2044625688,,,
1560899970,,,
247686684,,,
-1659191663,,,
-272471506,,,
640243132,,,
1862854748,,,
-2046500586,,,
1233426336,,,
-1801084552,,,
-803435692,,,
-521809037,,,
1688492570,,,
-2055437249,,,
596952410,,,
1373508466,,,
-1033558292,,,
718771833,,,
2095589572,,,
-1991173327,,,
836349671,,,
-1967548663,,,
1949018588,,,
-1443461365,,,
781426692,,,
-1139026943,,,
-2094551327,,,
-1754093114,,,
-1178167258,,,
298806413,,,
-594404667,,,
-1229663884,,,
-133563891,,,
-2135009825,,,
-2041843063,,,
1733323777,,,
-724143974,,,
-1986994360,,,
261250215,,,
272644641,,,
-1481297544,,,
491265525,,,
-371771202,,,
134894282,,,
836095584,,,
-922611764,,,
-126776692,,,
1235542762,,,
-1720039761,,,
-1231135230,,,
-393533546,,,
-1528659690,,,
990840063,,,
-1379776454,,,
1078513709,,,
508754370,,,
1869408013,,,
-1252304222,,,
359077498,,,
-1596127314,,,
987591453,,,
-1399559512,,,
-1349888131,,,
-1562042882,,,
1163679069,,,
-656413593,,,
552770525,,,
-219262662,,,
-901471993,,,
367496767,,,
619428919,,,
-1846470731,,,
1779554431,,,
-2125766434,,,
-51617508,,,
-433442905,,,
1107585780,,,
1947214147,,,
1948202786,,,
2145184600,,,
-38855427,,,
1700259301,,,
-24240434,,,
-505914860,,,
-10858454,,,
584472546,,,
230890190,,,
221977833,,,
1103982880,,,
204313268,,,
-1704907846,,,
717242461,,,
-1520404562,,,
-1642929501,,,
-288616870,,,
-1425973682,,,
950290245,,,
1749396140,,,
-1026905309,,,
1260403749,,,
-1525553249,,,
836046548,,,
1934797365,,,
2041452666,,,
-1380068863,,,
637529561,,,
-697534340,,,
-2119956576,,,
-1818176993,,,
2133735420,,,
222474865,,,
-2117043500,,,
983849971,,,
1519032382,,,
-1102080572,,,
-391632103,,,
46952488,,,
-847777041,,,
503943865,,,
551323535,,,
35570299,,,
-674068167,,,
-195803036,,,
433989481,,,
-2082540042,,,
1904762256,,,
-463113641,,,
-1875657046,,,
2035607729,,,
-224089597,,,
-152475422,,,
-264102529,,,
275391420,,,
-156774843,,,
940145147,,,
1210778219,,,
438065427,,,
-1157474624,,,
1785343123,,,
1722353423,,,
1543127266,,,
1495214832,,,
1573551135,,,
1813552373,,,
-1862865034,,,
-2020994152,,,
-1824692007,,,
-2049110087,,,
234264912,,,
-400768378,,,
916067815,,,
2027655564,,,
-1867126812,,,
1165432159,,,
-1074211720,,,
1092553898,,,
1750605559,,,
-2051404718,,,
208731963,,,
-1981695878,,,
-1373218690,,,
-329089032,,,
1311934653,,,
1702630869,,,
392711463,,,
878026321,,,
295253413,,,
1005350207,,,
-2045695414,,,
215969128,,,
1574197781,,,
398100048,,,
-544893724,,,
1969742491,,,
-543759037,,,
-1594796350,,,
1518404884,,,
73511520,,,
1300542770,,,
678862973,,,
674864950,,,
169103137,,,
-1588369292,,,
-1989921665,,,
-766686255,,,
-1462765780,,,
-397230749,,,
-1774526741,,,
1858622250,,,
-479885531,,,
-1802864849,,,
254398561,,,
1200127365,,,
-2024441058,,,
750758022,,,
-181746418,,,
192481894,,,
-2094142744,,,
116091228,,,
1173945022,,,
-1290258920,,,
-935970867,,,
-1087095170,,,
-368380435,,,
1109899383,,,
384073355,,,
-1275017142,,,
-724852692,,,
1727890080,,,
1172469228,,,
915286380,,,
730975781,,,
-583293825,,,
1701253948,,,
-565969748,,,
1912408035,,,
478826767,,,
1257738086,,,
643512429,,,
1171362545,,,
-1280160874,,,
-1924390612,,,
-399936058,,,
1015272285,,,
-864101209,,,
792895004,,,
1191648100,,,
526224511,,,
409504600,,,
-1142172839,,,
-997839947,,,
-1051186606,,,
1724989182,,,
593577383,,,
-102422561,,,
-1522983686,,,
-10605928,,,
705807589,,,
1115926290,,,
-1838725137,,,
-1436623228,,,
1417241449,,,
1500040030,,,
1113948780,,,
464828079,,,
1308245722,,,
-1404258724,,,
24062922,,,
-1715856343,,,
769531753,,,
1615479186,,,
247633115,,,
-1121585113,,,
2001701259,,,
-1749137484,,,
-957967974,,,
788183035,,,
-2051589938,,,
1176712562,,,
1651345866,,,
-928416247,,,
376136666,,,
1863247887,,,
2086546694,,,
-2086939622,,,
-917471845,,,
-1625929355,,,
-541624214,,,
-404407393,,,
590997924,,,
358183876,,,
-844853389,,,
318878013,,,
-1671071714,,,
1873545616,,,
-1100154445,,,
-1205662468,,,
-819064819,,,
-106939364,,,
-119294990,,,
1229478597,,,
965822198,,,
1699663725,,,
608546875,,,
1235200501,,,
1809402970,,,
-243007394,,,
104459277,,,
1554087030,,,
-355703322,,,
419306156,,,
-864229679,,,
-960899500,,,
1595170624,,,
-2131494011,,,
-1800188406,,,
2117080183,,,
-138250679,,,
-803467441,,,
898568420,,,
767704840,,,
-714985281,,,
1682679693,,,
1365684520,,,
115568430,,,
-769713743,,,
-374249245,,,
817189136,,,
-502610958,,,
-1210660490,,,
1355042518,,,
-1578485771,,,
-356214566,,,
590171168,,,
-1984589869,,,
999235009,,,
-2103181889,,,
-1674781863,,,
1544139597,,,
2091388700,,,
-102188037,,,
-1080988401,,,
229425912,,,
-2078208811,,,
-466034177,,,
469424237,,,
635913055,,,
-1454249943,,,
-1418930920,,,
2133493663,,,
840478561,,,
-1056529347,,,
-1214283666,,,
-438865436,,,
1985502671,,,
1662278966,,,
969220762,,,
488917535,,,
-482978174,,,
-1041555056,,,
963326325,,,
1341469832,,,
2075062157,,,
562016182,,,
-572839918,,,
-2002448562,,,
-1693240890,,,
4327192,,,
-974703442,,,
1943266273,,,
1832512248,,,
-2111481699,,,
-97327639,,,
-85678404,,,
-289835463,,,
2036162562,,,
75348174,,,
-771067115,,,
-473486061,,,
-936053224,,,
891619406,,,
1981154762,,,
357161933,,,
-1958786569,,,
-1966647962,,,
1522432498,,,
-271904477,,,
-2131025963,,,
-1843050270,,,
798741313,,,
-739048148,,,
-1308030023,,,
646104746,,,
-1456587598,,,
-1886158898,,,
-344394808,,,
-1410572047,,,
-1906017302,,,
-1031426435,,,
1432762456,,,
-802949692,,,
1003218163,,,
-993196496,,,
1667543479,,,
-164255028,,,
-739052085,,,
1307853399,,,
-43600861,,,
1326590336,,,
-529556360,,,
1674541344,,,
-1830960279,,,
-255132921,,,
-1658571129,,,
1993454481,,,
1550378989,,,
307014757,,,
-1224384503,,,
-1264266547,,,
38812328,,,
1471640323,,,
-39606406,,,
-181996968,,,
1318186368,,,
331890732,,,
-112609448,,,
-513385734,,,
-925787240,,,
-733821704,,,
1411572931,,,
2088402055,,,
1299328364,,,
1685314601,,,
-813863019,,,
-507008903,,,
1016491197,,,
476080165,,,
-1655208890,,,
1424526085,,,
-685275807,,,
1210218234,,,
-1797376533,,,
561515470,,,
-493200423,,,
1331281604,,,
-1786285705,,,
-1629998138,,,
-557238844,,,
-1407123771,,,
1329207844,,,
-32926928,,,
1724039098,,,
1641623056,,,
118993294,,,
-878918859,,,
402555549,,,
-774399003,,,
1404608144,,,
-1026492532,,,
1366593400,,,
2102764572,,,
-1461430572,,,
-2113026757,,,
-563986554,,,
1119447533,,,
2125400470,,,
-1082301132,,,
1824013656,,,
735615512,,,
-1542103533,,,
978581191,,,
2092190551,,,
869632271,,,
1290650654,,,
-675668759,,,
-1260285785,,,
-1574236287,,,
1522326770,,,
1188008035,,,
-1461077149,,,
1265194352,,,
2122790773,,,
-662036688,,,
456143324,,,
-772342158,,,
796759298,,,
-1940613660,,,
686735938,,,
623781405,,,
-1849888280,,,
1361542388,,,
1117174466,,,
488789371,,,
494034077,,,
1739267700,,,
134309554,,,
-1088076871,,,
153495801,,,
1650113959,,,
789889701,,,
-1016723896,,,
1078735721,,,
2142974018,,,
1704264089,,,
643008106,,,
-436035202,,,
-767865436,,,
257347768,,,
-1095898583,,,
1593493995,,,
-379541210,,,
-1114330900,,,
-800148107,,,
1202802904,,,
2071490441,,,
192056119,,,
1132043749,,,
2059607177,,,
-1887407655,,,
1852769627,,,
1834696670,,,
1741192172,,,
321953761,,,
1104658088,,,
140099892,,,
196821606,,,
-502000896,,,
-163571810,,,
1803176474,,,
-284448256,,,
1093660794,,,
1000182825,,,
-862771580,,,
1123216697,,,
1337414133,,,
-8499670,,,
-1644157057,,,
-2027203802,,,
-1482413070,,,
1270519669,,,
746679805,,,
-1132981451,,,
746090428,,,
1216211781,,,
1699791469,,,
-1233578252,,,
231787286,,,
1224172802,,,
1231881839,,,
-1157122463,,,
2106848000,,,
-1644655670,,,
-1285971564,,,
-875577992,,,
-134403971,,,
-1400145055,,,
-38322323,,,
-228767097,,,
-973284354,,,
1791619120,,,
-2102539202,,,
-1062561680,,,
15440939,,,
1862281907,,,
-1035683876,,,
589375036,,,
-1833096339,,,
2139050695,,,
38421537,,,
1093483001,,,
-456545426,,,
1843446866,,,
2048095774,,,
-477778453,,,
1111179039,,,
1694419005,,,
-1589693824,,,
616785574,,,
224383664,,,
1490837351,,,
1279652259,,,
59758781,,,
-335672763,,,
-1466287187,,,
4751240,,,
-358033788,,,
-2051271507,,,
-2059160020,,,
2098359361,,,
-1122000394,,,
-518239155,,,
-1258197413,,,
-267601602,,,
-1756911366,,,
-1531543519,,,
-1238384128,,,
1731224226,,,
-1236038605,,,
448191035,,,
2038981199,,,
-452432223,,,
-139814037,,,
2045798891,,,
977956050,,,
93699964,,,
-75101175,,,
1753230212,,,
1300826947,,,
-1079330514,,,
56624718,,,
1802402329,,,
1578792361,,,
-13594066,,,
-298790480,,,
1632750399,,,
789634519,,,
246544328,,,
-1530279479,,,
343151460,,,
-323933840,,,
-1911767856,,,
74045004,,,
683729005,,,
646853595,,,
-701859809,,,
-272204826,,,
-58675752,,,
1921241639,,,
-2052017559,,,
-138208230,,,
1447293541,,,
1125503917,,,
-826306197,,,
-961420447,,,
1908538471,,,
-665508571,,,
-93926291,,,
1293617999,,,
1333920167,,,
-1899426025,,,
1646849756,,,
-1420103660,,,
-2048327428,,,
606701398,,,
773014871,,,
-1650178287,,,
730642254,,,
-743372441,,,
-1905972146,,,
2126575559,,,
1352367653,,,
-569728366,,,
-725881655,,,
1669682196,,,
1665095250,,,
-477145556,,,
-619800453,,,
959773771,,,
-5652978,,,
-1930528235,,,
-1961203690,,,
941526953,,,
-63879911,,,
-1430201608,,,
1835523131,,,
1614125653,,,
277362150,,,
1376603362,,,
1616305963,,,
988124889,,,
2147087186,,,
-1104541577,,,
-382543250,,,
2001211420,,,
-1130260318,,,
-1587967500,,,
298204749,,,
1990783603,,,
-2059422835,,,
-1507089116,,,
-1125426003,,,
-1865481541,,,
1628966292,,,
-1523849487,,,
1307898909,,,
-1267310317,,,
-782216548,,,
1037613444,,,
-1384740494,,,
170838689,,,
-612119913,,,
-892339893,,,
115255331,,,
1163128706,,,
-428803728,,,
-404868170,,,
-468266295,,,
352034082,,,
-1743010039,,,
-448050611,,,
217448335,,,
298714031,,,
-567957471,,,
1220227426,,,
11031545,,,
-1226425932,,,
1304389040,,,
-1612944390,,,
1781073600,,,
994309930,,,
119588157,,,
699401422,,,
408216415,,,
529696077,,,
448730362,,,
1683411817,,,
-1639243356,,,
-1003545912,,,
-1321581487,,,
-490147262,,,
1082979229,,,
-970513898,,,
-880300449,,,
-1770333741,,,
974365221,,,
-419224260,,,
1165913778,,,
-1821062313,,,
2066775857,,,
-1131669966,,,
1070997326,,,
-877942035,,,
-874800966,,,
1570075294,,,
-1839368535,,,
2003514284,,,
-112903200,,,
1279262785,,,
1519354303,,,
1335657346,,,
-1196215558,,,
-89256255,,,
2020585448,,,
-944113532,,,
604853999,,,
2127151149,,,
625550918,,,
1539200799,,,
-1920501775,,,
187994851,,,
490953938,,,
1466284161,,,
728778692,,,
-647846457,,,
-1252277758,,,
419840413,,,